Neighborhood,Price,Bedrooms,Bathrooms,House Size,Description,Neighborhood Description
Willow Creek,"$650,000",4,3,"2,500 sqft","Discover the beauty of this spacious 4-bedroom, 3-bathroom home in the desirable Willow Creek neighborhood. The open floor plan features a gourmet kitchen with granite countertops and stainless steel appliances, perfect for entertaining. Retreat to the master suite with a luxurious en-suite bathroom and walk-in closet. Enjoy the serene backyard oasis with a patio and lush landscaping. Experience luxury living in Willow Creek.","Willow Creek is known for its tree-lined streets, top-rated schools, and family-friendly atmosphere. Residents enjoy easy access to parks, shopping centers, and dining options. Explore the nearby Willow Creek Trail for outdoor recreation or unwind at the Willow Creek Country Club."
Sunset Hills,"$900,000",5,4,"3,200 sqft","Welcome to this stunning 5-bedroom, 4-bathroom home in the prestigious Sunset Hills neighborhood. The grand foyer leads to a formal living room and dining room with elegant finishes. The gourmet kitchen features high-end appliances and a breakfast nook overlooking the landscaped backyard. Relax in the spacious family room with a cozy fireplace. Retreat to the luxurious master suite with a spa-like bathroom. Experience luxury living in Sunset Hills.","Sunset Hills is known for its upscale homes, scenic views, and exclusive amenities. Residents enjoy access to private parks, golf courses, and country clubs. Explore the nearby Sunset Hills Shopping Center for upscale shopping and dining options."
Riverfront Estates,"$1,200,000",6,5,"4,500 sqft","Luxury awaits in this exquisite 6-bedroom, 5-bathroom home in the prestigious Riverfront Estates neighborhood. The grand entryway leads to a formal living room and dining room with soaring ceilings and designer finishes. The chef's kitchen features custom cabinetry, high-end appliances, and a large island. Relax in the spacious family room with a fireplace and built-in entertainment center. Retreat to the master suite with a private balcony and spa-like bathroom. Experience luxury living in Riverfront Estates.","Riverfront Estates is a gated community known for its waterfront properties, private boat docks, and scenic views. Residents enjoy access to exclusive amenities such as a clubhouse, pool, and tennis courts. Explore the nearby Riverfront Park for outdoor recreation or dine at the upscale restaurants along the riverfront."
Oakwood Heights,"$750,000",4,3,"2,800 sqft","Step into this charming 4-bedroom, 3-bathroom home in the sought-after Oakwood Heights neighborhood. The open floor plan features a gourmet kitchen with granite countertops and stainless steel appliances. The spacious living room boasts a cozy fireplace and hardwood floors. Retreat to the master suite with a walk-in closet and en-suite bathroom. Enjoy outdoor living in the private backyard with a patio and mature landscaping. Experience comfort and style in Oakwood Heights.","Oakwood Heights is a family-friendly neighborhood with tree-lined streets, parks, and top-rated schools. Residents enjoy easy access to shopping centers, restaurants, and entertainment options. Explore the nearby Oakwood Heights Park for outdoor recreation or take a short drive to the Oakwood Heights Golf Club."
Maple Grove,"$550,000",3,2,"2,000 sqft","Welcome to this charming 3-bedroom, 2-bathroom home in the desirable Maple Grove neighborhood. The open floor plan features a bright and airy living room with hardwood floors and a cozy fireplace. The updated kitchen boasts granite countertops and stainless steel appliances. Retreat to the master suite with a walk-in closet and en-suite bathroom. Enjoy outdoor living in the private backyard with a patio and garden. Experience comfort and convenience in Maple Grove.","Maple Grove is a quiet and friendly neighborhood with tree-lined streets and parks. Residents enjoy easy access to shopping centers, restaurants, and schools. Explore the nearby Maple Grove Park for outdoor recreation or take a short drive to the Maple Grove Shopping Center."
Pinecrest Heights,"$680,000",4,3,"2,400 sqft","Discover the beauty of this spacious 4-bedroom, 3-bathroom home in the desirable Pinecrest Heights neighborhood. The open floor plan features a gourmet kitchen with granite countertops and stainless steel appliances, perfect for entertaining. Retreat to the master suite with a luxurious en-suite bathroom and walk-in closet. Enjoy the serene backyard oasis with a patio and lush landscaping. Experience luxury living in Pinecrest Heights.","Pinecrest Heights is known for its tree-lined streets, top-rated schools, and family-friendly atmosphere. Residents enjoy easy access to parks, shopping centers, and dining options. Explore the nearby Pinecrest Heights Trail for outdoor recreation or unwind at the Pinecrest Heights Country Club."
Lakeview Terrace,"$800,000",5,4,"3,000 sqft","Welcome to this stunning 5-bedroom, 4-bathroom home in the prestigious Lakeview Terrace neighborhood. The grand foyer leads to a formal living room and dining room with elegant finishes. The gourmet kitchen features high-end appliances and a breakfast nook overlooking the landscaped backyard. Relax in the spacious family room with a cozy fireplace. Retreat to the luxurious master suite with a spa-like bathroom. Experience luxury living in Lakeview Terrace.","Lakeview Terrace is known for its upscale homes, scenic views, and exclusive amenities. Residents enjoy access to private parks, golf courses, and country clubs. Explore the nearby Lakeview Terrace Shopping Center for upscale shopping and dining options."
Hillside Manor,"$720,000",4,3,"2,600 sqft","Luxury awaits in this exquisite 4-bedroom, 3-bathroom home in the prestigious Hillside Manor neighborhood. The grand entryway leads to a formal living room and dining room with soaring ceilings and designer finishes. The chef's kitchen features custom cabinetry, high-end appliances, and a large island. Relax in the spacious family room with a fireplace and built-in entertainment center. Retreat to the master suite with a private balcony and spa-like bathroom. Experience luxury living in Hillside Manor.","Hillside Manor is a gated community known for its upscale homes, private parks, and scenic views. Residents enjoy access to exclusive amenities such as a clubhouse, pool, and tennis courts. Explore the nearby Hillside Manor Park for outdoor recreation or dine at the upscale restaurants along the hillside."
Meadowbrook Heights,"$600,000",3,2,"2,100 sqft","Step into this charming 3-bedroom, 2-bathroom home in the sought-after Meadowbrook Heights neighborhood. The open floor plan features a gourmet kitchen with granite countertops and stainless steel appliances. The spacious living room boasts a cozy fireplace and hardwood floors. Retreat to the master suite with a walk-in closet and en-suite bathroom. Enjoy outdoor living in the private backyard with a patio and mature landscaping. Experience comfort and style in Meadowbrook Heights.","Meadowbrook Heights is a family-friendly neighborhood with tree-lined streets, parks, and top-rated schools. Residents enjoy easy access to shopping centers, restaurants, and entertainment options. Explore the nearby Meadowbrook Heights Park for outdoor recreation or take a short drive to the Meadowbrook Heights Golf Club."
Creekside Village,"$670,000",4,3,"2,300 sqft","Welcome to this charming 4-bedroom, 3-bathroom home in the desirable Creekside Village neighborhood. The open floor plan features a bright and airy living room with hardwood floors and a cozy fireplace. The updated kitchen boasts granite countertops and stainless steel appliances. Retreat to the master suite with a walk-in closet and en-suite bathroom. Enjoy outdoor living in the private backyard with a patio and garden. Experience comfort and convenience in Creekside Village.","Creekside Village is a quiet and friendly neighborhood with tree-lined streets and parks. Residents enjoy easy access to shopping centers, restaurants, and schools. Explore the nearby Creekside Village Park for outdoor recreation or take a short drive to the Creekside Village Shopping Center."
